,R2,Adj R2,RMSE,MAE
XGBoost,0.11546610234278673,-0.2466399620106349,36554.813989184935,28225.270313364214
